{"_wandb":{"runtime":2},"_step":19,"loss":0.1,"accuracy":0.9,"_timestamp":1.740888358519249e+09,"_runtime":2.2441448}