{"accuracy":0.9,"_timestamp":1.7408883413175676e+09,"_runtime":2.2827124,"_step":19,"_wandb":{"runtime":2},"loss":0.1}