{"_wandb":{"runtime":2},"loss":0.1,"accuracy":0.9,"_timestamp":1.7408881296509821e+09,"_runtime":2.7873332,"_step":9}